,fighter_x,total_sub_absorbed,total_takedowns_absorbed,total_sig_strikes_absorbed,total_total_strikes_absorbed,total_head_strikes_absorbed,total_body_strikes_absorbed,total_leg_strikes_absorbed,total_distance_strikes_absorbed,total_clinch_strikes_absorbed
0,aalon cruz,0,0,65,84,62,1,2,9,7
1,aaron phillips,1,14,192,326,130,28,34,68,31
2,abdul razak alhassan,0,24,306,465,187,74,45,226,49
3,abdul-kerim edilov,0,0,1,7,1,0,0,1,0
4,abel trujillo,2,34,238,349,153,41,44,176,35
5,abu azaitar,0,3,160,253,136,12,12,95,18
6,abubakar nurmagomedov,1,1,83,215,52,26,5,62,15
7,abus magomedov,0,0,0,0,0,0,0,0,0
8,adam fugitt,0,0,93,100,80,8,5,74,12
9,adam milstead,0,10,158,335,104,25,29,107,14
10,adam wieczorek,0,7,69,156,33,23,13,32,11
11,adam yandiev,1,3,35,55,33,1,1,3,2
12,adrian yanez,0,0,249,253,162,59,28,243,1
13,adriano martins,0,1,108,110,35,39,34,104,2
14,aiemann zahabi,0,5,203,217,108,41,54,190,7
15,ailin perez,1,2,15,47,9,3,3,5,3
16,aj dobson,0,6,198,301,101,44,53,135,16
17,aj fletcher,0,5,175,310,122,36,17,121,14
18,al iaquinta,2,14,863,984,639,106,118,740,12
19,alan baudot,0,6,150,252,103,21,26,105,12
20,alan jouban,1,7,441,503,327,67,47,362,53
21,alan patrick,0,9,338,581,214,93,31,179,60
22,alatengheili,0,3,347,417,233,78,36,302,22
23,albert duraev,0,1,109,128,63,33,13,97,6
24,albert morales,1,5,294,461,217,39,38,226,10
25,albert tumenov,2,9,248,300,123,62,63,202,19
26,alberto mina,0,4,150,192,110,12,28,118,10
27,alberto uda,1,2,37,84,31,6,0,14,10
28,alejandro perez,1,9,442,474,214,119,109,414,13
29,aleksa camur,0,5,153,217,128,15,10,109,25
30,aleksandar rakic,0,2,209,362,93,46,70,158,40
31,aleksandra albu,1,4,220,315,99,80,41,107,100
32,aleksei kunchenko,0,5,170,203,73,37,60,153,5
33,aleksei oleinik,0,15,440,670,347,67,26,248,85
34,alen amedovski,1,5,78,146,64,8,6,33,1
35,alessandro costa,0,1,37,62,23,10,4,23,0
36,alessio di chirico,1,4,389,580,196,110,83,335,53
37,alex caceres,5,43,922,1296,532,166,224,772,65
38,alex chambers,3,7,232,484,132,66,34,120,80
39,alex da silva,1,3,134,254,104,19,11,106,11
40,alex garcia,0,7,355,601,216,78,61,266,39
41,alex gorgees,0,5,34,103,22,9,3,20,3
42,alex morono,0,13,811,929,404,292,115,728,51
43,alex nicholson,1,5,132,200,92,26,14,89,16
44,alex oliveira,5,17,537,876,328,90,119,303,108
45,alex pereira,0,5,204,258,110,49,45,184,12
46,alex perez,2,2,172,260,125,33,14,128,11
47,alex reyes,0,0,11,11,10,0,1,4,6
48,alex ricci,0,5,50,66,30,12,8,38,11
49,alex white,1,11,352,470,223,66,63,240,65
50,alexa grasso,1,21,636,933,453,127,56,534,67
51,alexander gustafsson,3,8,659,860,398,102,159,496,101
52,alexander hernandez,1,7,443,515,291,89,63,351,60
53,alexander munoz,0,0,194,198,167,23,4,191,3
54,alexander volkanovski,0,12,771,903,479,186,106,685,77
55,alexander volkov,1,21,572,712,326,122,124,427,35
56,alexander yakovlev,2,10,239,495,151,43,45,140,30
57,alexandr romanov,0,4,109,228,60,23,26,82,18
58,alexandre pantoja,0,21,407,524,317,47,43,339,36
59,alexis davis,1,16,746,1154,550,115,81,621,60
60,ali alqaisi,0,2,59,106,41,10,8,49,7
61,ali bagautinov,0,7,351,536,188,88,75,193,131
62,aliaskhab khizriev,0,0,31,43,28,3,0,30,1
63,alistair overeem,0,7,589,814,404,126,59,357,155
64,aljamain sterling,0,20,480,818,234,126,120,376,71
65,allan nascimento,0,4,29,91,23,5,1,14,1
66,allan zuniga,0,8,27,94,22,2,3,20,5
67,allen crowder,0,0,55,64,45,7,3,32,12
68,alonzo menifield,0,8,264,419,131,111,22,170,83
69,alvaro herrera mendoza,2,4,45,72,20,8,17,31,2
70,amanda cooper,3,5,157,218,106,33,18,107,9
71,amanda lemos,1,2,265,417,145,68,52,169,92
72,amanda nunes,1,6,458,769,313,70,75,361,42
73,amanda ribas,0,2,240,430,182,39,19,211,16
74,amir albazi,0,1,90,131,31,42,17,88,2
75,anderson dos santos,0,2,246,281,187,28,31,216,13
76,anderson silva,0,18,698,1301,423,88,187,456,72
77,andre ewell,1,9,615,813,321,133,161,471,61
78,andre fialho,0,2,253,279,146,70,37,218,15
79,andre fili,2,20,837,1146,481,160,196,705,37
80,andre muniz,1,4,96,164,55,26,15,75,4
81,andre petroski,0,1,101,140,55,24,22,94,1
82,andre soukhamthath,0,7,414,637,262,81,71,285,41
83,andrea lee,0,22,502,792,317,101,84,444,38
84,andreas michailidis,0,5,144,220,47,31,66,94,32
85,andrei arlovski,3,16,1218,1687,791,204,223,904,156
86,andrew holbrook,0,9,106,163,88,14,4,54,30
87,andrew sanchez,0,0,661,819,451,156,54,507,129
88,ange loosa,0,0,228,244,172,32,24,218,9
89,angela hill,2,23,1533,1915,916,371,246,1291,209
90,angela magana,1,5,183,331,116,50,17,118,18
91,anna elmose,0,2,87,126,69,16,2,63,14
92,anshul jubli,0,0,14,20,2,3,9,10,2
93,anthony birchak,2,8,115,156,90,20,5,69,19
94,anthony hamilton,2,3,190,313,126,46,18,92,79
95,anthony hernandez,1,6,176,208,135,36,5,126,41
96,anthony ivy,0,0,73,185,58,11,4,50,18
97,anthony johnson,5,7,215,479,133,28,54,112,45
98,anthony pettis,1,45,924,1329,519,222,183,686,136
99,anthony rocco martin,2,15,494,694,228,151,115,415,69
100,anthony smith,1,21,849,1434,489,143,217,495,87
101,anton turkalj,1,10,56,83,44,10,2,28,2
102,anton zafir,0,1,17,24,10,3,4,9,1
103,antonina shevchenko,1,17,290,723,207,45,38,139,32
104,antonio arroyo,0,16,83,194,34,25,24,72,5
105,antonio braga neto,0,1,115,132,91,20,4,107,4
106,antonio carlos junior,0,7,319,684,230,33,56,146,18
107,antonio silva,0,5,311,472,240,49,22,164,37
108,aoriqileng,0,8,343,403,274,45,24,308,28
109,ariane carnelossi,0,11,219,357,146,64,9,132,58
110,ariane lipski,0,8,383,605,263,51,69,253,32
111,ariel beck,0,0,34,36,19,9,6,31,3
112,arjan bhullar,1,0,169,234,93,44,32,120,46
113,arman tsarukyan,0,10,211,373,140,57,14,163,34
114,armen petrosyan,0,9,131,174,87,24,20,122,9
115,arnold allen,0,12,421,614,231,100,90,367,41
116,artem lobov,0,12,554,817,290,133,131,475,45
117,ashkan mokhtarian,0,2,101,120,86,11,4,55,6
118,ashlee evans-smith,2,5,448,515,269,88,91,364,64
119,ashley yoder,0,7,564,739,285,130,149,386,131
120,askar askarov,0,5,210,321,99,67,44,170,22
121,askar mozharov,0,2,19,55,18,1,0,3,0
122,aspen ladd,0,3,357,490,187,138,32,235,117
123,augusto mendes,0,2,134,222,52,59,23,89,23
124,augusto montano,0,8,91,173,63,4,24,74,4
125,augusto sakai,0,10,430,572,249,125,56,285,70
126,austin arnett,0,3,305,340,156,73,76,258,32
127,austin hubbard,1,14,264,345,143,41,80,214,24
128,austin lingo,1,8,236,276,133,49,54,224,7
129,austin springer,1,0,18,18,11,4,3,18,0
130,azamat murzakanov,0,1,121,185,54,28,39,108,13
131,azunna anyanwu,0,0,36,36,35,1,0,36,0
132,barb honchak,0,3,110,163,99,3,8,79,0
133,bartosz fabinski,3,1,74,193,58,8,8,28,27
134,batgerel danaa,0,3,198,226,142,12,44,188,3
135,bea malecki,0,3,187,206,129,31,27,175,10
136,bec rawlings,0,6,478,580,301,97,80,393,57
137,belal muhammad,0,3,856,972,482,152,222,782,43
138,ben askren,1,1,98,117,68,30,0,51,26
139,ben nguyen,1,14,180,281,147,19,14,76,6
140,ben rothwell,1,11,889,1114,557,246,86,736,57
141,ben saunders,1,16,538,975,374,64,100,288,108
142,ben sosoli,0,0,73,73,37,7,29,70,2
143,beneil dariush,1,9,509,743,308,147,54,394,80
144,benito lopez,2,2,193,239,114,39,40,163,8
145,benoit saint denis,0,1,180,220,112,49,19,135,39
146,bethe correia,1,3,750,943,505,153,92,583,119
147,bevon lewis,0,1,135,188,65,30,40,107,27
148,bharat kandare,1,0,8,9,6,1,1,7,0
149,bibulatov magomed,0,1,58,91,37,14,7,47,6
150,bill algeo,0,22,335,392,220,62,53,258,40
151,billy quarantillo,0,12,521,634,359,104,58,387,92
152,bj penn,1,34,1239,2303,793,242,204,849,170
153,blagoy ivanov,0,3,461,509,266,126,69,397,61
154,blake bilder,0,0,80,81,42,21,17,79,1
155,blood diamond,1,4,40,100,28,11,1,8,10
156,bo nickal,0,0,1,1,0,1,0,0,1
157,bobby green,0,20,922,1063,549,193,180,804,63
158,bobby moffett,0,4,130,163,84,34,12,113,17
159,bobby nash,0,0,75,87,49,10,16,52,8
160,bojan mihajlovic,0,2,126,298,88,34,4,32,21
161,bojan velickovic,0,13,207,360,159,26,22,156,10
162,boston salmon,0,0,27,28,26,1,0,21,0
163,brad katona,0,9,179,367,117,39,23,135,14
164,brad pickett,3,15,728,873,570,92,66,582,69
165,brad riddell,2,15,270,305,169,62,39,240,16
166,brad scott,0,12,401,518,258,83,60,303,47
167,brad tavares,0,20,838,1176,493,136,209,635,158
168,brady hiestand,0,3,121,287,96,15,10,87,22
169,brandon davis,1,25,459,602,335,68,56,374,28
170,brandon jenkins,0,8,162,211,126,24,12,70,39
171,brandon moreno,0,17,664,838,414,121,129,574,24
172,brandon royval,1,17,119,194,73,15,31,104,5
173,brandon thatch,4,8,160,301,107,36,17,79,26
174,brendan allen,0,12,390,541,299,64,27,335,24
175,brendan o'reilly,0,7,131,368,79,35,17,40,69
176,brett johns,0,10,339,522,200,78,61,217,79
177,brian camozzi,1,2,132,143,72,40,20,95,16
178,brian kelleher,4,14,581,824,374,126,81,493,57
179,brian ortega,0,11,948,1099,687,140,121,854,22
180,brianna fortino,0,2,97,141,50,31,16,70,24
181,brock lesnar,1,2,129,253,103,18,8,36,39
182,brogan walker,0,4,54,110,43,5,6,25,4
183,brok weaver,2,3,121,174,75,29,17,81,11
184,bruna brasil,0,3,54,94,28,8,18,21,10
185,brunno ferreira,0,0,21,21,16,5,0,19,2
186,bruno silva,0,5,180,284,116,38,26,142,23
187,bruno souza,0,2,159,165,67,39,53,146,10
188,bryan barberena,2,46,957,1124,610,252,95,747,153
189,bryan battle,0,11,147,253,102,28,17,67,31
190,bryan caraway,0,5,461,627,289,100,72,358,86
191,bryce mitchell,1,8,150,242,99,30,21,99,5
192,cain velasquez,1,3,266,329,196,60,10,186,69
193,caio borralho,0,3,57,209,18,11,28,31,2
194,caio magalhaes,1,5,158,292,91,32,35,90,37
195,callan potter,0,0,86,133,67,17,2,79,3
196,calvin kattar,0,2,1255,1270,742,282,231,1234,19
197,cameron else,0,3,69,83,50,12,7,23,2
198,cameron saaiman,0,5,71,83,48,16,7,66,3
199,cameron vancamp,0,0,41,41,34,3,4,31,0
200,carl deaton,1,2,2,49,1,0,1,1,1
201,carla esparza,1,19,564,934,445,79,40,334,48
202,carlo pedersoli jr.,0,0,85,95,53,18,14,69,4
203,carlos candelario,1,1,147,196,90,29,28,80,4
204,carlos condit,3,57,731,1043,449,156,126,543,70
205,carlos felipe,0,3,420,601,281,60,79,377,20
206,carlos hernandez,1,3,85,101,34,44,7,75,10
207,carlos huachin,0,2,119,141,88,11,20,63,1
208,carlos mota,0,4,17,51,13,3,1,7,0
209,carlos ulberg,0,0,100,102,88,8,4,90,3
210,carls john de tomas,1,2,86,193,60,7,19,44,14
211,carlston harris,0,1,71,120,38,25,8,57,10
212,carlton minus,0,7,149,198,102,19,28,124,8
213,casey kenney,0,24,522,633,284,122,116,458,36
214,casey o'neill,0,4,362,460,279,59,24,297,54
215,cat zingano,1,8,115,353,92,17,6,46,20
216,cb dollaway,2,9,425,665,288,80,57,298,27
217,cesar arzamendia,0,0,32,40,29,2,1,14,4
218,cezar ferreira,0,4,381,615,260,58,63,260,63
219,chad anheliger,0,6,113,133,47,32,34,94,13
220,chad laprise,0,3,308,324,165,61,82,250,34
221,chad mendes,0,0,332,525,226,63,43,292,13
222,chan sung jung,0,12,596,709,366,96,134,535,39
223,chan-mi jeon,0,0,233,235,171,33,29,214,19
224,chance rencountre,0,5,161,219,110,24,27,139,15
225,charles byrd,0,3,66,75,50,15,1,30,26
226,charles johnson,0,17,186,230,61,50,75,174,10
227,charles jourdain,1,21,590,680,340,141,109,490,75
228,charles oliveira,4,20,690,942,503,128,59,465,68
229,charles rosa,0,31,692,969,482,107,103,500,53
230,charlie ontiveros,1,6,82,150,66,8,8,22,3
231,charlie ward,0,1,22,22,18,2,2,15,2
232,chas skelly,0,14,360,626,273,48,39,188,56
233,chase hooper,0,4,252,348,169,41,42,188,11
234,chase sherman,2,7,996,1074,770,139,87,876,72
235,chelsea chandler,0,1,12,20,5,3,4,12,0
236,cheyanne vlismas,0,6,122,353,97,17,8,104,16
237,chidi njokuani,0,5,100,139,60,16,24,60,21
238,chris avila,0,7,125,192,44,23,58,107,10
239,chris barnett,1,2,197,290,123,66,8,133,50
240,chris beal,1,5,208,344,145,24,39,163,17
241,chris camozzi,4,35,664,961,366,136,162,442,133
242,chris curtis,0,0,410,421,252,76,82,391,15
243,chris daukaus,0,0,102,104,75,10,17,86,7
244,chris de la rocha,0,2,189,227,166,17,6,118,33
245,chris dempsey,0,5,64,82,55,3,6,55,3
246,chris duncan,0,0,47,53,32,5,10,41,5
247,chris fishgold,1,5,94,319,78,11,5,49,3
248,chris gruetzemacher,3,15,362,433,269,67,26,275,59
249,chris gutierrez,1,9,326,509,165,76,85,276,4
250,chris kelades,1,12,153,268,119,18,16,97,17
251,chris wade,0,13,141,273,75,33,33,66,32
252,chris weidman,0,8,517,688,347,111,59,319,91
253,christian aguilera,2,2,43,75,19,2,22,37,0
254,christian colombo,2,8,118,176,101,13,4,48,23
255,christian duncan,0,0,4,6,0,2,2,4,0
256,christian rodriguez,0,11,38,83,20,11,7,24,11
257,christina marks,1,0,6,8,3,2,1,3,3
258,christos giagos,3,11,295,460,180,66,49,180,60
259,cindy dandois,0,0,51,115,21,17,13,35,9
260,ciryl gane,1,6,331,380,129,69,133,311,15
261,cj vergara,1,7,230,264,146,63,21,204,15
262,claudia gadelha,0,7,813,1258,515,180,118,603,117
263,claudio puelles,0,4,219,479,116,62,41,151,18
264,claudio ribeiro,0,0,17,30,13,4,0,9,8
265,claudio silva,0,5,284,407,205,60,19,209,32
266,clay guida,7,17,1291,1758,993,200,98,985,192
267,clayton carpenter,0,1,1,46,0,0,1,1,0
268,clint hester,1,10,254,422,194,30,30,153,8
269,cm punk,1,2,84,155,74,10,0,32,14
270,cody brundage,0,5,66,167,53,6,7,22,18
271,cody durden,2,2,158,203,87,30,41,139,7
272,cody east,0,5,83,149,66,11,6,23,10
273,cody garbrandt,0,3,517,563,362,74,81,454,27
274,cody pfister,2,5,119,267,71,23,25,62,25
275,cody stamann,2,14,522,860,301,129,92,446,41
276,colby covington,1,7,758,1058,498,182,78,619,89
277,cole miller,0,27,783,1243,512,130,141,574,66
278,cole smith,0,6,88,161,69,9,10,53,16
279,cole williams,2,3,52,82,42,6,4,13,1
280,collin anglin,0,0,94,110,51,29,14,80,12
281,conor mcgregor,2,11,524,680,364,88,72,331,96
282,corey anderson,0,2,361,454,233,55,73,275,71
283,cortney casey,1,29,761,1120,459,144,158,607,78
284,cory hendricks,0,0,61,153,47,7,7,37,9
285,cory mckenna,0,2,189,288,116,32,41,158,19
286,cory sandhagen,1,13,590,785,348,129,113,524,45
287,court mcgee,0,14,982,1221,700,173,109,876,80
288,craig white,0,3,64,122,48,15,1,5,4
289,cristian quinonez,0,0,6,6,5,1,0,6,0
290,cristiane justino,0,2,148,203,85,38,25,120,23
291,cristina stanciu,0,3,54,86,36,16,2,25,0
292,cub swanson,5,26,1106,1481,721,184,201,892,90
293,curtis blaydes,0,4,261,485,193,41,27,209,41
294,curtis millender,1,8,170,299,104,19,47,132,3
295,cynthia calvillo,0,4,687,737,418,121,148,645,36
296,cyril asker,0,0,99,128,70,22,7,60,17
297,da woon jung,0,4,227,322,160,16,51,193,31
298,da'mon blackshear,0,4,121,158,79,27,15,84,9
299,daichi abe,0,1,202,203,93,28,81,196,3
300,dakota bush,0,1,83,143,41,15,27,55,6
301,dalcha lungiambula,1,2,275,384,164,85,26,191,50
302,damian grabowski,0,1,134,138,82,23,29,101,20
303,damian stasiak,0,9,229,363,142,38,49,148,37
304,damien brown,0,6,321,506,251,41,29,260,31
305,damir hadzovic,1,30,315,505,218,59,38,243,29
306,damir ismagulov,0,8,226,263,110,61,55,197,27
307,damon jackson,1,13,261,577,143,87,31,172,74
308,dan argueta,0,2,46,62,37,6,3,32,6
309,dan henderson,2,18,692,1127,471,129,92,431,90
310,dan hooker,1,14,898,1054,628,156,114,783,76
311,dan ige,0,17,624,849,457,110,57,491,44
312,dan moret,0,6,128,280,96,29,3,72,31
313,daniel cormier,0,8,728,912,412,199,117,570,134
314,daniel jolly,0,3,27,67,21,6,0,6,2
315,daniel kelly,0,4,449,512,316,82,51,382,53
316,daniel lacerda,1,0,193,303,144,32,17,63,2
317,daniel marcos,0,0,23,25,7,3,13,20,3
318,daniel omielanczuk,1,13,353,636,167,141,45,126,128
319,daniel pineda,0,20,247,445,170,57,20,179,37
320,daniel rodriguez,1,12,523,604,272,141,110,491,13
321,daniel santos,0,3,184,194,145,33,6,166,10
322,daniel sarafian,1,6,131,190,90,17,24,101,6
323,daniel spitz,0,0,214,223,102,60,52,185,20
324,daniel teymur,2,8,211,312,149,49,13,124,27
325,daniel zellhuber,0,1,122,123,42,19,61,120,2
326,danielle taylor,0,3,248,270,152,58,38,222,24
327,danilo belluardo,0,1,41,111,38,1,2,5,2
328,danilo marques,0,2,96,138,77,9,10,54,8
329,danny chavez,0,2,177,281,78,47,52,151,17
330,danny henry,2,2,84,93,53,12,19,59,12
331,danny roberts,1,17,411,573,294,80,37,264,98
332,danyelle wolf,0,2,52,99,32,8,12,33,6
333,darian weeks,0,0,205,238,112,47,46,188,17
334,darko stosic,0,2,195,246,114,55,26,180,11
335,daron cruickshank,4,8,395,545,218,82,95,299,38
336,darrell horcher,1,9,183,400,126,32,25,57,19
337,darren elkins,1,23,1069,1568,769,174,126,763,154
338,darren stewart,2,26,422,713,316,64,42,236,128
339,darren till,3,16,540,773,329,74,137,278,122
340,darrick minner,1,3,109,414,82,25,2,22,3
341,davey grant,3,13,495,599,293,123,79,407,42
342,davi ramos,0,1,265,350,161,51,53,229,15
343,david branch,2,9,157,216,105,29,23,74,36
344,david dvorak,0,3,200,235,100,57,43,167,20
345,david onama,0,11,245,324,172,51,22,186,34
346,david teymur,1,4,225,254,116,65,44,200,23
347,david zawada,0,6,281,384,211,37,33,219,22
348,dean barry,0,0,18,18,13,1,4,18,0
349,deanna bennett,0,0,49,102,34,12,3,32,17
350,deiveson figueiredo,1,23,584,758,412,89,83,471,56
351,demetrious johnson,0,32,582,1158,249,223,110,350,200
352,demian maia,0,15,846,1379,567,106,173,655,58
353,denis tiuliulin,2,3,127,155,95,22,10,104,5
354,denise gomes,0,4,63,130,38,17,8,23,14
355,dennis bermudez,2,10,605,782,422,125,58,411,145
356,dennis siver,2,21,598,764,372,99,127,472,44
357,denys bondar,0,1,3,6,3,0,0,3,0
358,dequan townsend,0,8,192,389,123,47,22,77,36
359,derek brunson,0,3,573,902,341,151,81,423,91
360,deron winn,1,3,414,467,338,68,8,318,67
361,derrick krantz,0,0,76,79,58,7,11,64,5
362,derrick lewis,2,41,592,1075,348,129,115,365,105
363,desmond green,0,6,233,272,100,53,80,209,11
364,devin clark,3,13,465,735,282,128,55,182,166
365,devin powell,0,7,172,245,98,54,20,93,44
366,devonte smith,0,1,152,183,63,53,36,109,33
367,dhiego lima,1,9,370,496,264,60,46,272,38
368,diana belbita,1,8,295,349,213,60,22,203,44
369,diego brandao,1,5,268,435,185,61,22,160,34
370,diego ferreira,0,22,401,476,293,71,37,306,35
371,diego rivas,0,5,108,189,57,27,24,71,11
372,diego sanchez,0,37,1238,1895,954,178,106,862,198
373,dileno lopes,0,0,100,228,55,33,12,62,17
374,dmitrii smoliakov,1,2,53,133,47,6,0,10,6
375,dmitry sosnovskiy,0,0,24,73,11,12,1,7,3
376,domingo pilarte,0,5,57,335,45,8,4,11,7
377,dominic waters,0,5,84,249,51,26,7,29,12
378,dominick cruz,0,6,588,728,343,114,131,519,54
379,dominick reyes,0,7,317,346,181,68,68,292,13
380,dominique steele,0,4,148,248,92,46,10,77,61
381,don madge,0,1,15,76,10,2,3,13,2
382,don shainis,1,4,91,109,46,31,14,55,28
383,don'tale mayes,2,10,305,477,179,76,50,205,65
384,donald cerrone,1,8,1825,2031,1069,444,312,1558,211
385,dong hyun kim,0,17,377,668,189,109,79,201,142
386,dong hyun ma,0,6,339,483,241,63,35,237,45
387,dooho choi,0,9,254,306,161,66,27,201,34
388,douglas silva de andrade,1,13,535,739,313,145,77,440,50
389,drakkar klose,0,11,401,595,182,122,97,310,76
390,drako rodriguez,0,1,85,93,54,27,4,75,8
391,drew dober,4,25,743,1019,521,162,60,601,80
392,dricus du plessis,0,2,178,223,122,42,14,150,18
393,duda santana,1,0,19,30,12,5,2,18,0
394,dusko todorovic,0,6,175,238,110,49,16,126,33
395,dustin jacoby,1,16,547,670,367,76,104,487,29
396,dustin ortiz,1,36,378,611,210,84,84,249,81
397,dustin poirier,3,26,1250,1670,816,268,166,977,153
398,dustin stoltzfus,2,6,183,245,147,20,16,150,19
399,dwight grant,0,10,237,330,123,58,56,194,13
400,ed herman,2,24,951,1407,631,172,148,612,189
401,eddie alvarez,0,0,474,634,307,81,86,399,63
402,eddie wineland,0,3,659,708,392,129,138,572,50
403,edgar garcia,2,1,113,143,76,15,22,74,5
404,edmen shahbazyan,0,8,246,388,172,38,36,126,27
405,edson barboza,2,23,1302,1811,940,189,173,1016,33
406,eduardo garagorri,2,13,74,191,47,22,5,53,18
407,efrain escudero,2,15,343,685,183,96,64,233,55
408,elias garcia,1,2,111,183,94,13,4,50,3
409,elias theodorou,0,20,367,489,215,98,54,227,130
410,elise reed,1,11,187,351,123,32,32,107,21
411,elizabeth phillips,0,7,184,289,136,41,7,133,42
412,elizeu zaleski dos santos,0,19,468,618,312,89,67,365,81
413,elves brener,0,0,70,73,64,4,2,68,2
414,elvis mutapcic,0,3,164,221,108,26,30,120,18
415,emil meek,0,21,152,290,111,20,21,77,17
416,emily ducote,0,0,245,258,132,99,14,185,60
417,emily whitmire,4,3,94,190,51,19,24,76,6
418,enrique barzola,0,7,446,551,290,88,68,417,22
419,enrique marin,0,2,90,165,64,9,17,60,15
420,eric shelton,0,14,169,261,94,34,41,140,8
421,eric spicely,2,1,262,305,198,58,6,203,40
422,erick gonzalez,1,2,101,117,78,15,8,68,20
423,erick montano,1,2,54,66,38,7,9,35,7
424,erick silva,0,22,443,728,355,56,32,213,75
425,erik koch,0,8,330,548,189,88,53,140,84
426,erik perez,1,4,189,257,126,37,26,162,20
427,erik silva,1,2,24,82,20,4,0,13,6
428,erin blanchfield,0,2,154,188,91,24,39,147,7
429,eryk anders,1,9,758,891,401,176,181,579,148
430,esteban ribovics,0,11,40,67,33,6,1,37,1
431,evan dunham,2,15,816,1052,557,160,99,639,122
432,evan elder,0,5,139,192,98,28,13,87,17
433,fabio cherant,1,3,83,88,33,16,34,80,0
434,fabricio werdum,0,11,628,879,417,82,129,482,97
435,fares ziam,1,10,106,219,52,29,25,77,8
436,farid basharat,0,1,46,91,23,12,11,36,7
437,felice herrig,2,5,575,828,378,120,77,363,125
438,felicia spencer,0,8,347,446,213,78,56,258,50
439,felipe arantes,0,24,384,764,224,116,44,233,42
440,felipe colares,0,25,409,619,307,60,42,271,86
441,felipe olivieri,1,2,60,64,55,4,1,53,7
442,felipe silva,1,2,27,28,13,4,10,22,1
443,fernando bruno,1,7,53,89,24,16,13,26,14
444,fernie garcia,0,5,76,119,33,25,18,68,3
445,filip pejic,1,2,2,3,1,0,1,1,0
446,francimar barroso,1,3,352,579,201,81,70,224,82
447,francis marshall,0,0,31,48,20,4,7,24,2
448,francis ngannou,0,11,212,393,92,46,74,168,16
449,francisco figueiredo,1,5,93,213,63,12,18,51,14
450,francisco prado,0,3,59,78,28,13,18,49,0
451,francisco rivera,3,12,321,557,170,97,54,216,42
452,francisco trinaldo,2,29,860,1280,442,249,169,679,100
453,frank camacho,1,7,502,542,347,90,65,449,38
454,frank mir,0,5,598,1071,391,139,68,203,195
455,frankie edgar,0,22,1346,1687,995,204,147,1159,93
456,frankie perez,0,13,93,170,62,20,11,39,3
457,frankie saenz,0,23,452,611,295,114,43,322,95
458,fredy serrano,0,2,80,113,38,24,18,55,23
459,gabe green,0,6,374,394,266,63,45,355,10
460,gabriel benitez,0,21,448,619,305,87,56,372,33
461,gabriel bonfim,0,0,9,9,0,4,5,9,0
462,gabriel gonzaga,0,4,371,486,310,33,28,189,92
463,gabriel miranda,0,1,42,81,35,5,2,24,2
464,gabriel santos,0,1,93,115,59,27,7,77,12
465,gabriel silva,0,8,104,135,78,15,11,62,15
466,gabriella fernandes,0,4,24,149,17,3,4,16,1
467,gadzhi omargadzhiev,0,2,71,139,52,9,10,47,4
468,gadzhimurad antigulov,1,1,87,130,60,19,8,30,44
469,gaetano pirrello,1,7,27,62,20,5,2,9,5
470,galore bofando,0,1,23,46,22,1,0,3,0
471,garreth mclellan,0,15,153,305,100,38,15,75,59
472,garrett armfield,1,2,29,46,16,13,0,27,1
473,gaston bolanos,0,3,17,79,7,9,1,16,1
474,gavin tucker,0,6,301,415,192,96,13,140,65
475,geane herrera,0,8,276,380,176,75,25,178,20
476,gegard mousasi,1,10,167,218,96,27,44,129,7
477,genaro valdez,0,6,127,140,78,28,21,77,7
478,geoff neal,1,3,651,741,415,175,61,573,71
479,george sullivan,3,16,159,220,86,36,37,112,26
480,georges st-pierre,1,8,496,1122,289,114,93,351,93
481,gerald meerschaert,1,17,491,759,348,83,60,313,35
482,geraldo de freitas,0,11,118,163,66,16,36,79,15
483,germaine de randamie,0,14,263,572,130,57,76,137,43
484,gian villante,1,6,1174,1285,824,181,169,1095,65
485,giga chikadze,0,7,339,361,240,60,39,315,9
486,gilbert burns,0,12,717,992,441,133,143,591,71
487,gilbert melendez,1,6,425,486,228,88,109,388,21
488,gilbert urbina,1,1,46,54,17,23,6,30,15
489,gillian robertson,1,6,369,705,307,45,17,222,46
490,gina mazany,1,4,231,323,141,82,8,135,71
491,glaico franca moreira,0,7,155,290,131,14,10,129,11
492,gleison tibau,2,6,775,1276,441,209,125,546,156
493,gloria de paula,0,5,218,284,130,43,45,194,11
494,glover teixeira,1,27,1186,1515,902,200,84,845,151
495,godofredo pepey,0,13,263,576,199,40,24,143,24
496,gokhan saki,0,0,29,30,25,4,0,15,8
497,grant dawson,0,2,254,500,157,66,31,182,32
498,gray maynard,0,12,679,974,466,117,96,509,101
499,greg hardy,0,5,245,261,140,51,54,206,1
500,gregor gillespie,0,0,136,203,124,10,2,76,39
501,gregory rodrigues,0,0,299,316,159,78,62,260,38
502,grigory popov,0,6,104,108,56,35,13,97,0
503,guangyou ning,0,3,105,143,40,26,39,80,13
504,guido cannetti,4,11,206,307,115,66,25,127,47
505,gunnar nelson,0,6,451,721,235,136,80,262,101
506,guram kutateladze,0,5,131,152,105,20,6,113,7
507,gustavo lopez,0,13,167,206,110,36,21,111,7
508,hacran dias,0,12,397,620,257,70,70,193,61
509,hakeem dawodu,1,16,377,656,260,83,34,292,57
510,hamdy abdelwahab,0,0,47,54,28,12,7,45,2
511,hannah cifers,3,6,314,441,204,80,30,200,51
512,hannah goldy,0,2,207,247,122,34,51,172,30
513,harry hunsucker,0,0,25,25,19,2,4,17,0
514,heather clark,0,1,253,374,160,50,43,163,85
515,hector aldana,0,1,164,168,104,21,39,150,3
516,hector lombard,0,6,461,631,291,94,76,282,71
517,hector sandoval,1,4,50,69,23,14,13,32,14
518,hector urbina,0,8,48,115,44,2,2,20,6
519,henrique da silva,1,6,241,385,202,30,9,153,41
520,henry briones,1,10,240,274,166,45,29,186,34
521,henry cejudo,0,1,412,525,223,103,86,353,55
522,herbert burns,0,2,92,264,76,12,4,15,5
523,holly holm,1,7,679,1038,339,195,145,512,146
524,horacio gutierrez,0,5,51,186,38,9,4,14,2
525,hu yaozong,2,8,190,278,159,23,8,114,28
526,humberto bandenay,0,3,149,174,96,43,10,94,24
527,hunter azure,0,11,117,198,76,19,22,91,15
528,hyun gyu lim,0,6,326,421,184,32,110,260,13
529,hyunsung park,0,0,20,30,12,3,5,20,0
530,ian entwistle,0,1,64,143,63,1,0,5,1
531,ian garry,0,4,207,247,82,43,82,188,16
532,ian heinisch,0,20,257,334,172,59,26,210,34
533,iasmin lucindo,0,0,86,87,52,9,25,81,5
534,ignacio bahamondes,0,1,269,301,177,54,38,251,17
535,igor pokrajac,1,18,515,1105,314,141,60,199,204
536,ihor potieria,0,2,68,93,48,10,10,40,25
537,ike villanueva,0,0,182,189,82,48,52,151,23
538,ilia topuria,0,1,101,165,64,25,12,92,5
539,ilir latifi,0,0,368,513,235,72,61,300,40
540,impa kasanganay,0,1,137,156,95,28,14,117,8
541,inoue mizuki,0,2,206,238,116,68,22,143,55
542,ion cutelaba,4,7,353,491,273,46,34,265,55
543,irene aldana,0,10,858,1006,539,174,145,783,36
544,irwin rivera,0,3,228,239,139,56,33,210,14
545,isabela de padua,0,0,31,175,27,4,0,18,0
546,islam makhachev,0,2,182,438,78,66,38,129,34
547,ismael bonfim,0,0,14,20,10,4,0,12,0
548,ismail naurdiev,0,9,78,212,52,9,17,58,3
549,israel adesanya,0,19,771,1037,421,170,180,685,67
550,istela nunes,1,7,179,330,154,17,8,130,14
551,iuri alcantara,1,27,489,1043,359,53,77,184,43
552,jacare souza,1,6,538,808,384,86,68,415,65
553,jack della maddalena,0,1,48,48,26,10,12,47,1
554,jack hermansson,1,5,632,750,468,135,29,532,43
555,jack jenkins,0,1,50,128,26,17,7,29,14
556,jack marshman,2,8,342,508,244,61,37,278,24
557,jack shore,1,5,183,262,73,57,53,151,24
558,jacob kilburn,1,2,169,249,144,19,6,95,6
559,jacob malkoun,0,2,159,252,124,21,14,125,10
560,jafel filho,1,4,16,79,4,8,4,12,0
561,jai herbert,1,10,175,273,106,34,35,105,33
562,jailton almeida,0,0,2,24,1,0,1,2,0
563,jairzinho rozenstruik,0,9,285,427,129,64,92,239,13
564,jake collier,0,10,571,777,421,100,50,439,52
565,jake ellenberger,1,4,478,794,314,88,76,338,73
566,jake hadley,0,3,91,108,39,30,22,80,3
567,jake matthews,3,9,434,810,284,71,79,267,73
568,jalin turner,0,10,215,307,110,34,71,174,15
569,jamahal hill,0,14,241,299,131,59,51,195,16
570,jamal pogues,0,1,37,51,19,14,4,35,2
571,jamall emmers,1,0,145,202,93,27,25,125,16
572,james bochnovic,1,6,45,67,37,7,1,8,4
573,james krause,0,13,657,783,388,152,117,529,63
574,james moontasri,1,7,229,370,152,53,24,120,48
575,james mulheron,0,3,52,72,40,7,5,40,2
576,james te huna,3,7,179,297,134,19,26,98,31
577,james vick,0,16,378,441,220,71,87,304,39
578,jamey simmons,1,2,22,32,12,4,6,17,0
579,jamie moyle,0,1,180,301,129,32,19,142,21
580,jamie mullarkey,0,3,318,347,225,63,30,259,20
581,jamie pickett,2,5,302,403,192,95,15,181,102
582,jan blachowicz,1,18,693,1257,427,122,144,425,72
583,jaqueline amorim,0,1,46,107,45,1,0,19,6
584,jared cannonier,0,21,699,879,465,130,104,641,24
585,jared gooden,0,6,413,533,298,85,30,357,38
586,jared gordon,1,15,466,629,291,108,67,368,62
587,jared rosholt,0,4,162,325,118,33,11,113,28
588,jared vanderaa,1,8,463,548,304,117,42,363,11
589,jarjis danho,0,0,155,211,81,41,33,91,59
590,jarno errens,0,3,32,69,14,10,8,27,2
591,jarred brooks,0,4,88,233,59,26,3,46,14
592,jasmine jasudavicius,0,3,166,226,96,35,35,151,5
593,jason gonzalez,2,7,47,73,38,3,6,34,5
594,jason knight,0,18,346,532,272,33,41,280,8
595,jason novelli,0,0,76,93,30,23,23,65,0
596,jason saggo,0,10,189,291,137,28,24,116,24
597,jason witt,0,0,83,169,81,0,2,54,5
598,javid basharat,0,4,124,171,71,21,32,116,6
599,jay cucciniello,0,2,71,117,42,8,21,50,0
600,jay perrin,1,6,147,223,96,31,20,103,40
601,jc cottrell,1,7,52,74,34,15,3,44,2
602,jeff hughes,1,6,149,174,98,19,32,111,28
603,jeff molina,0,5,173,224,94,57,22,153,14
604,jeka saragih,0,2,38,74,36,1,1,6,0
605,jenel lausa,1,13,191,345,140,31,20,58,9
606,jennifer maia,0,15,787,1190,473,185,129,705,51
607,jeongyeong lee,0,5,24,37,17,6,1,13,7
608,jeremiah wells,0,0,19,19,1,10,8,13,3
609,jeremy kennedy,0,2,142,326,91,32,19,50,20
610,jeremy kimball,1,1,41,53,28,5,8,15,0
611,jeremy stephens,3,39,1189,1786,718,210,261,939,108
612,jerome rivera,1,4,80,90,47,18,15,49,7
613,jerrod sanders,1,1,31,68,19,7,5,9,7
614,jesse ronson,1,15,223,321,139,55,29,169,21
615,jesse strader,0,0,82,107,64,9,9,45,16
616,jesse taylor,1,0,8,15,6,1,1,1,3
617,jessica aguilar,1,5,458,566,313,97,48,294,80
618,jessica andrade,3,18,1182,1434,804,199,179,892,204
619,jessica eye,0,18,971,1409,596,221,154,705,181
620,jessica penne,1,9,570,726,352,90,128,454,75
621,jessica-rose clark,2,8,337,487,229,72,36,293,13
622,jessin ayari,0,2,166,175,92,14,60,146,5
623,jesus aguilar,1,1,1,5,1,0,0,0,0
624,jesus pinedo,0,0,131,143,43,23,65,123,7
625,ji yeon kim,0,8,750,855,444,195,111,678,59
626,jim alers,0,2,204,247,123,36,45,145,42
627,jim miller,3,44,1243,2047,842,283,118,897,165
628,jim wallhead,1,0,165,167,120,12,33,153,9
629,jimi manuwa,0,9,335,468,203,76,56,216,109
630,jimmie rivera,0,2,535,605,251,147,137,461,64
631,jimmy crute,1,4,117,214,94,16,7,91,9
632,jimmy flick,0,2,55,74,37,13,5,39,2
633,jin soo son,0,0,229,294,179,37,13,177,45
634,jinh yu frey,1,3,310,357,164,95,51,224,70
635,jiri prochazka,0,6,215,271,167,36,12,143,7
636,jj aldrich,1,9,785,1029,417,205,163,633,136
637,joachim christensen,2,1,81,104,34,33,14,50,21
638,joanderson brito,0,2,66,119,50,10,6,39,17
639,joanna jedrzejczyk,0,27,907,1142,591,139,177,719,118
640,joanne wood,5,13,813,1155,475,232,106,612,133
641,joaquim silva,0,10,332,424,235,55,42,264,36
642,joaquin buckley,0,7,301,371,185,67,49,241,22
643,joby sanchez,1,13,185,244,126,24,35,154,24
644,jocelyn jones-lybarger,1,2,211,331,181,18,12,144,32
645,jodie esquibel,0,2,442,510,300,102,40,344,90
646,joe duffy,1,9,237,283,137,50,50,173,30
647,joe giannetti,0,0,42,86,9,7,26,40,0
648,joe lauzon,1,19,1148,1422,792,260,96,828,204
649,joe proctor,1,8,257,355,164,53,40,179,55
650,joe pyfer,0,0,21,21,5,4,12,21,0
651,joe riggs,4,7,128,392,77,30,21,59,47
652,joe solecki,0,1,117,224,69,30,18,81,22
653,joe soto,1,6,380,406,294,56,30,338,20
654,joel alvarez,0,6,139,253,76,40,23,102,0
655,joey gomez,0,6,108,132,68,32,8,82,18
656,john allan,0,3,274,366,170,58,46,266,4
657,john castaneda,0,4,251,258,148,37,66,225,23
658,john dodson,0,16,828,1049,471,197,160,640,178
659,john gunther,1,1,63,97,36,19,8,44,14
660,john lineker,1,19,805,1040,525,151,129,666,48
661,john makdessi,1,7,920,964,534,191,195,854,41
662,john moraga,1,36,429,679,220,99,110,278,52
663,john phillips,3,12,220,615,156,44,20,131,11
664,johnny case,1,6,211,263,131,24,56,191,12
665,johnny eduardo,3,7,223,318,150,35,38,140,18
666,johnny munoz,0,1,89,244,59,25,5,62,21
667,johnny walker,0,7,135,241,85,25,25,72,17
668,johny hendricks,0,13,979,1338,620,256,103,720,189
669,jon jones,0,2,761,923,361,210,190,605,150
670,jon tuck,0,10,404,573,270,89,45,302,50
671,jonathan martinez,0,11,618,740,267,206,145,513,89
672,jonathan meunier,1,7,37,111,24,7,6,15,4
673,jonathan pearce,0,9,178,220,130,35,13,144,17
674,jonathan wilson,0,1,226,270,154,49,23,123,58
675,jonavin webb,0,3,68,115,36,14,18,33,8
676,jordan espinosa,2,5,160,247,78,31,51,127,18
677,jordan griffin,0,11,204,367,153,33,18,126,32
678,jordan johnson,0,0,134,163,84,28,22,113,19
679,jordan leavitt,1,7,98,253,36,45,17,69,9
680,jordan mein,0,6,225,390,129,63,33,148,28
681,jordan rinaldi,0,4,120,204,92,21,7,75,8
682,jordan williams,1,2,97,114,70,19,8,71,18
683,jordan wright,1,0,206,317,147,50,9,87,88
684,jorge masvidal,0,37,901,1544,545,216,140,698,114
685,jose aldo,0,9,1400,1867,850,254,296,1082,139
686,jose quinonez,1,8,284,334,144,57,83,237,27
687,jose torres,0,2,115,130,84,25,6,79,25
688,joselyne edwards,0,13,313,485,159,79,75,223,53
689,joseph benavidez,1,27,722,893,439,206,77,536,126
690,joseph gigliotti,1,4,56,123,51,3,2,11,13
691,joseph holmes,1,4,69,103,36,19,14,55,10
692,joseph morales,0,10,49,101,34,10,5,25,1
693,josh barnett,1,9,220,330,145,42,33,113,75
694,josh culibao,0,3,188,271,103,44,41,123,20
695,josh emmett,1,5,683,785,474,115,94,623,40
696,josh fremd,1,11,78,128,54,11,13,37,7
697,josh parisian,0,13,297,631,216,50,31,200,68
698,josh quinlan,0,1,1,2,0,1,0,1,0
699,josh samman,1,6,102,319,84,17,1,13,14
700,josh stansbury,0,1,111,188,71,24,16,85,18
701,joshua burkman,5,14,632,1086,396,130,106,402,160
702,joshua weems,1,0,9,15,8,0,1,8,0
703,josiane nunes,0,3,204,228,127,49,28,185,16
704,journey newson,0,9,112,156,58,23,31,92,11
705,jp buys,0,5,85,187,68,13,4,45,8
706,juan adams,0,3,128,161,102,19,7,67,23
707,juan espino,0,2,36,70,23,8,5,8,10
708,juancamilo ronderos,2,0,12,12,6,5,1,12,0
709,julia avila,0,5,128,208,101,15,12,88,11
710,julian erosa,0,10,674,850,499,90,85,546,78
711,julian marquez,0,13,302,368,232,54,16,207,78
712,juliana lima,1,7,202,521,85,82,35,84,77
713,juliana miller,0,4,92,130,55,17,20,60,6
714,julianna pena,2,20,285,492,188,55,42,194,36
715,julija stoliarenko,1,3,296,631,186,64,46,181,40
716,julio arce,0,1,360,413,171,97,92,296,39
717,junior albini,1,0,177,206,97,40,40,139,31
718,junior dos santos,0,16,823,1099,552,105,166,583,159
719,junyong park,1,12,334,387,204,83,47,294,24
720,jussier formiga,0,4,423,876,239,125,59,253,99
721,justin frazier,1,2,22,44,19,3,0,0,5
722,justin gaethje,2,5,852,869,525,243,84,767,78
723,justin jaynes,1,4,214,290,143,46,25,192,6
724,justin ledet,0,4,314,484,200,47,67,206,21
725,justin salas,1,1,146,180,97,35,14,86,25
726,justin scoggins,3,7,218,416,119,58,41,144,42
727,justin tafa,0,0,221,243,122,67,32,191,30
728,justin willis,0,7,161,276,68,55,38,123,24
729,justine kish,1,7,477,645,288,96,93,388,41
730,kai kamaka,0,8,288,461,176,73,39,208,57
731,kai kara-france,1,5,423,480,316,70,37,392,13
732,kailin curran,2,15,391,613,272,74,45,242,97
733,kajan johnson,1,9,139,253,101,11,27,99,9
734,kalindra faria,2,4,33,93,26,2,5,17,3
735,kamaru usman,0,1,822,1034,442,224,156,678,116
736,kamuela kirk,1,7,52,76,36,13,3,42,2
737,kanako murata,0,0,65,76,44,14,7,54,10
738,karine gevorgyan,1,1,3,5,1,0,2,3,0
739,karine silva,0,0,19,19,10,6,3,19,0
740,karl roberson,4,16,200,311,147,32,21,100,14
741,karl williams,0,0,26,49,19,5,2,22,4
742,karol rosa,0,5,370,575,214,86,70,314,40
743,karolina kowalkiewicz,2,13,991,1216,584,232,175,789,167
744,katlyn chookagian,0,22,996,1264,504,168,324,898,62
745,kay hansen,0,5,183,359,126,35,22,133,26
746,kazula vargas,1,7,67,148,58,3,6,53,1
747,kb bhullar,0,1,90,93,61,19,10,77,4
748,keita nakamura,0,13,524,710,346,104,74,379,76
749,keith berish,0,1,82,101,55,15,12,75,5
750,kelly faszholz,0,5,108,255,78,16,14,59,12
751,kelvin gastelum,2,29,948,1199,603,199,146,804,94
752,kennedy nzechukwu,1,10,339,417,196,67,76,295,40
753,kenny robertson,0,12,265,438,178,62,25,163,53
754,ketlen vieira,0,2,641,1076,273,235,133,456,132
755,kevin aguilar,0,4,393,433,248,70,75,332,24
756,kevin casey,0,4,236,390,133,76,27,93,87
757,kevin croom,0,7,97,175,69,23,5,65,15
758,kevin holland,2,42,617,1071,331,156,130,440,72
759,kevin lee,3,10,770,925,508,144,118,639,64
760,kevin natividad,0,2,123,234,111,4,8,77,7
761,khabib nurmagomedov,0,2,301,453,167,88,46,260,30
762,khadis ibragimov,1,4,197,245,134,36,27,133,55
763,khalid murtazaliev,0,2,4,23,1,2,1,4,0
764,khalid taha,0,16,254,365,193,32,29,180,19
765,khalil rountree jr.,1,14,436,580,223,109,104,379,15
766,khama worthy,0,3,99,102,66,13,20,73,8
767,khamzat chimaev,0,0,120,143,90,22,8,100,9
768,khaos williams,0,2,235,262,148,45,42,203,30
769,khusein askhabov,0,1,62,79,27,18,17,44,10
770,kiichi kunimoto,1,5,185,356,111,43,31,115,44
771,kj noons,1,13,216,274,111,38,67,182,9
772,kleydson rodrigues,0,0,72,156,42,18,12,46,7
773,klidson abreu,0,1,136,229,53,38,45,112,12
774,kris moutinho,0,0,258,258,195,50,13,249,9
775,kron gracie,0,0,139,147,87,40,12,114,24
776,krzysztof jotko,2,15,479,730,231,128,120,346,99
777,kurt holobaugh,1,8,215,355,184,22,9,134,31
778,kwan ho kwak,0,11,66,144,58,4,4,39,1
779,kyle bochniak,0,16,537,636,353,97,87,474,35
780,kyle daukaus,0,3,204,467,126,57,21,90,48
781,kyle nelson,1,4,300,451,166,83,51,196,32
782,kyle noke,2,10,232,501,183,28,21,149,20
783,kyle prepolec,0,3,141,226,52,41,48,130,0
784,kyle stewart,1,6,43,80,35,7,1,20,5
785,kyler phillips,0,4,215,281,134,51,30,198,10
786,kyoji horiguchi,1,18,276,414,150,72,54,206,51
787,kyung ho kang,0,9,410,785,252,61,97,299,28
788,lando vannata,2,16,721,794,443,143,135,586,89
789,lara procopio,1,1,279,424,166,47,66,223,27
790,laureano staropoli,0,13,336,431,200,73,63,258,73
791,lauren mueller,1,4,207,332,120,48,39,180,21
792,lauren murphy,0,14,1073,1430,679,195,199,915,110
793,leah letson,0,4,113,293,83,19,11,55,44
794,leandro issa,1,1,200,280,157,31,12,119,41
795,leandro silva,0,13,212,391,111,48,53,145,29
796,leon edwards,0,29,629,1244,372,166,91,450,110
797,leonardo guimaraes,1,9,89,160,64,19,6,53,10
798,leonardo santos,1,6,405,693,206,123,76,294,72
799,lerone murphy,0,17,144,188,74,39,31,106,28
800,leslie smith,0,6,531,598,341,91,99,391,125
801,levan makashvili,0,3,93,151,31,37,25,60,32
802,li jingliang,2,17,693,964,499,98,96,542,62
803,liana jojua,0,1,187,309,124,35,28,154,5
804,liang na,0,0,32,101,31,0,1,12,7
805,liliya shakirova,1,1,22,32,16,6,0,12,8
806,lina lansberg,1,20,560,1094,312,193,55,270,182
807,liudvik sholinian,0,4,170,218,114,27,29,152,11
808,livinha souza,0,3,234,448,175,38,21,150,42
809,liz carmouche,1,8,302,665,126,48,128,171,75
810,loik radzhabov,0,0,66,98,52,11,3,61,1
811,loma lookboonmee,0,8,247,434,172,57,18,145,87
812,loopy godinez,0,4,300,477,173,95,32,262,31
813,lorenz larkin,0,9,323,480,173,63,87,274,42
814,louis cosce,0,3,150,205,110,26,14,107,25
815,louis smolka,3,40,657,880,377,185,95,468,90
816,luan chagas,1,1,148,212,106,29,13,110,8
817,luan lacerda,0,0,103,108,62,29,12,101,2
818,luana carolina,1,7,345,488,181,115,49,250,81
819,luana pinheiro,0,1,132,163,53,28,51,115,16
820,lucas alexander,1,2,30,34,10,9,11,25,5
821,lucas almeida,0,0,31,42,17,12,2,26,1
822,lucas martins,0,7,255,437,168,57,30,173,40
823,lucie pudilova,1,7,476,626,246,98,132,349,84
824,ludovit klein,1,2,270,452,125,95,50,179,83
825,luigi vendramini,0,0,103,107,62,17,24,94,6
826,luis henrique,0,2,162,392,130,27,5,71,43
827,luis pena,1,17,320,452,147,73,100,279,23
828,luis saldana,0,5,245,267,157,66,22,234,9
829,lukasz brzeski,0,8,104,186,81,7,16,87,3
830,lukasz sajewski,1,3,115,141,81,18,16,91,20
831,luke jumeau,0,4,190,274,119,37,34,122,48
832,luke rockhold,0,6,285,380,149,84,52,216,38
833,luke sanders,3,6,275,322,134,88,53,234,24
834,lyman good,1,5,220,237,134,53,33,180,40
835,lyoto machida,2,20,462,763,204,102,156,301,111
836,mackenzie dern,0,3,542,643,270,135,137,467,63
837,macy chiasson,1,5,253,449,162,64,27,158,61
838,mads burnell,2,7,106,176,76,24,6,53,26
839,magnus cedenblad,1,2,142,267,88,24,30,75,29
840,magomed ankalaev,1,3,294,393,105,79,110,262,29
841,magomed mustafaev,1,10,97,215,53,28,16,44,20
842,maheshate,0,6,56,88,36,11,9,32,11
843,maia stevenson,1,1,12,25,11,1,0,4,1
844,mairbek taisumov,0,3,237,276,161,46,30,216,11
845,makhmud muradov,1,4,174,222,121,17,36,158,7
846,maki pitolo,2,5,228,371,196,21,11,170,22
847,makwan amirkhani,1,9,384,723,234,101,49,205,57
848,malcolm gordon,2,10,84,225,52,19,13,55,4
849,mallory martin,2,3,194,312,141,42,11,162,28
850,mana martinez,0,8,305,361,160,58,87,246,4
851,mandy bohm,0,2,126,201,48,71,7,89,28
852,manel kape,0,4,211,257,99,65,47,202,4
853,manny bermudez,1,3,79,109,42,13,24,50,11
854,manon fiorot,0,1,195,259,84,59,52,172,20
855,manuel torres,0,0,16,24,10,2,4,14,2
856,manvel gamburyan,1,11,451,890,259,83,109,290,106
857,mara romero borella,2,2,163,258,94,44,25,125,22
858,marc diakiese,2,10,415,561,196,122,97,344,38
859,marc-andre barriault,1,20,563,720,360,149,54,412,123
860,marcel fortuna,0,2,150,189,100,30,20,132,8
861,marcelo golm,0,1,143,259,100,30,13,64,70
862,marcelo guimaraes,0,1,199,253,123,32,44,159,38
863,marcelo rojo,1,4,209,247,140,37,32,151,24
864,marcin held,0,2,107,175,78,22,7,65,15
865,marcin prachnio,0,6,198,235,116,48,34,161,27
866,marcin tybura,0,7,712,962,491,144,77,543,129
867,marco beltran,1,7,125,193,75,26,24,76,18
868,marco polo reyes,0,8,243,301,189,33,21,168,37
869,marcos mariano,1,5,42,140,39,1,2,3,0
870,marcos rogerio de lima,5,6,142,266,107,25,10,102,25
871,maria oliveira,0,9,222,340,161,28,33,145,15
872,marina rodriguez,0,16,479,741,305,115,59,297,73
873,mario bautista,1,6,211,253,128,38,45,171,28
874,marion reneau,0,23,599,913,284,192,123,421,125
875,mariya agapova,2,7,129,176,78,29,22,80,15
876,mark de la rosa,1,6,417,678,282,50,85,294,56
877,mark eddiva,1,8,123,181,84,28,11,88,28
878,mark godbeer,2,5,103,169,75,22,6,60,14
879,mark hunt,2,26,667,1182,482,110,75,428,54
880,mark madsen,1,3,214,278,104,39,71,179,23
881,mark striegl,0,1,32,63,29,2,1,10,7
882,markus perez,0,5,275,394,181,63,31,149,68
883,marlon moraes,0,7,390,589,275,70,45,264,24
884,marlon vera,0,22,1350,1753,847,294,209,1079,107
885,martin bravo,0,1,165,173,110,45,10,154,7
886,martin buday,0,0,141,168,61,57,23,132,9
887,martin day,1,7,195,297,130,34,31,144,8
888,martin sano,0,0,3,3,2,1,0,2,0
889,martin svensson,0,1,38,41,15,3,20,34,0
890,marvin vettori,0,9,836,1061,477,166,193,774,48
891,maryna moroz,0,10,567,803,328,122,117,466,73
892,masanori kanehara,1,4,53,65,32,7,14,46,7
893,masio fullen,1,4,111,120,61,28,22,84,25
894,mason jones,0,3,258,316,176,65,17,205,37
895,mateus mendonca,0,3,95,125,62,25,8,60,10
896,mateusz gamrot,0,1,277,331,136,94,47,253,10
897,mateusz rebecki,0,1,34,52,25,7,2,28,5
898,matheus nicolau,0,1,318,423,191,62,65,278,13
899,matt bessette,0,7,129,188,69,32,28,89,16
900,matt brown,5,42,800,1387,562,121,117,558,106
901,matt dwyer,0,2,111,136,67,21,23,69,30
902,matt frevola,0,12,245,330,176,48,21,205,20
903,matt mitrione,2,13,246,343,163,45,38,162,33
904,matt sayles,2,4,114,155,58,50,6,96,12
905,matt schnell,1,8,426,516,296,53,77,317,42
906,matt wiman,0,18,627,1269,457,123,47,263,193
907,matthew lopez,1,4,253,382,152,38,63,201,18
908,matthew semelsberger,0,5,345,488,244,48,53,326,14
909,maurice greene,1,8,244,452,154,38,52,163,12
910,mauricio rua,2,34,917,1426,616,206,95,605,148
911,max griffin,0,13,687,1033,435,146,106,553,106
912,max holloway,1,24,2086,2191,1310,290,486,1930,121
913,max rohskopf,0,0,58,59,28,15,15,55,3
914,maxim grishin,0,7,114,193,54,21,39,93,16
915,maximo blanco,2,3,261,327,178,51,32,193,58
916,maycee barber,0,9,270,566,143,77,50,180,78
917,mayra bueno silva,0,11,372,554,215,121,36,293,30
918,megan anderson,2,6,97,236,58,16,23,36,20
919,mehdi baghdad,1,2,89,150,35,27,27,80,3
920,melinda fabian,0,0,120,175,71,38,11,79,40
921,melissa gatto,0,3,93,161,49,23,21,57,7
922,melissa martinez,0,3,38,65,15,17,6,20,12
923,melquizael costa,1,4,22,45,14,7,1,11,1
924,melsik baghdasaryan,1,1,87,91,44,25,18,75,12
925,merab dvalishvili,0,4,408,549,213,125,70,311,78
926,michael bisping,2,36,999,1279,587,185,227,820,84
927,michael chandler,1,1,206,263,150,12,44,172,11
928,michael chiesa,4,13,281,524,152,67,62,202,40
929,michael graves,0,1,55,134,23,19,13,34,11
930,michael johnson,5,20,1233,1544,860,171,202,881,93
931,michael mcbride,0,7,142,189,102,13,27,74,6
932,michael mcdonald,2,9,226,403,131,60,35,174,13
933,michael morales,0,2,72,78,35,21,16,66,6
934,michael trizano,1,9,366,488,158,118,90,308,35
935,michal figlak,0,3,60,111,34,13,13,45,2
936,michal oleksiejczuk,2,13,268,323,190,64,14,234,33
937,micheal gillmore,1,5,46,93,36,10,0,17,0
938,michel batista,1,0,9,11,6,1,2,4,5
939,michel pereira,0,1,395,542,248,64,83,322,40
940,michel prazeres,1,12,430,737,233,117,80,290,81
941,michel quinones,0,7,146,197,99,20,27,104,6
942,michelle waterson-gomez,2,8,844,1081,422,232,190,597,186
943,michinori tanaka,0,9,149,239,102,23,24,112,17
944,mickey gall,0,7,368,460,251,78,39,223,34
945,miesha tate,2,19,581,1044,410,105,66,398,120
946,miguel baeza,0,0,258,270,177,35,46,226,19
947,mike breeden,0,9,112,119,83,23,6,94,10
948,mike davis,1,4,317,386,193,50,74,274,23
949,mike de la torre,1,7,197,297,137,48,12,82,80
950,mike grundy,1,1,181,201,109,41,31,165,16
951,mike jackson,1,1,79,124,49,25,5,50,21
952,mike malott,0,1,14,15,14,0,0,13,1
953,mike perry,1,6,861,917,542,124,195,800,40
954,mike pyle,1,14,442,707,278,103,61,260,71
955,mike rodriguez,2,20,319,543,201,71,47,164,85
956,mike santiago,1,5,90,209,79,8,3,32,11
957,mike wilkinson,1,4,121,169,79,11,31,79,10
958,milana dudieva,0,2,110,188,88,10,12,27,28
959,miles johns,1,1,191,230,137,33,21,163,15
960,miranda granger,2,6,102,266,51,26,25,70,15
961,miranda maverick,0,10,183,249,135,34,14,145,15
962,mirsad bektic,1,1,183,328,111,55,17,90,52
963,misha cirkunov,1,3,188,237,119,40,29,113,28
964,mitch clarke,1,12,231,395,184,33,14,129,45
965,mitch gagnon,2,12,172,324,86,48,38,105,51
966,mizuto hirota,0,16,374,508,243,66,65,297,29
967,modestas bukauskas,0,2,179,210,82,61,36,167,9
968,mohammed usman,0,0,32,33,14,9,9,31,1
969,molly mccann,2,16,571,747,345,151,75,441,74
970,montana de la rosa,1,6,356,582,204,110,42,222,108
971,montel jackson,0,19,127,226,41,38,48,103,20
972,montserrat conejo,0,0,38,56,32,6,0,32,2
973,mounir lazzez,1,2,181,194,98,29,54,165,10
974,movsar evloev,0,8,251,359,153,71,27,208,25
975,muhammad mokaev,0,2,39,164,19,11,9,22,8
976,muslim salikhov,1,4,213,262,109,62,42,178,23
977,myles jury,1,4,240,305,122,44,74,196,8
978,nad narimani,0,3,164,281,113,16,35,128,21
979,nadia kassem,1,6,146,241,112,23,11,110,7
980,naoki inoue,0,2,101,132,62,6,33,89,10
981,nasrat haqparast,0,7,598,764,381,131,86,555,24
982,nassourdine imavov,0,6,335,466,213,63,59,306,27
983,natalia silva,0,1,49,65,20,25,4,40,9
984,natan levy,0,10,188,232,111,59,18,161,21
985,nate diaz,0,55,1348,1701,772,246,330,874,217
986,nate landwehr,0,3,304,339,224,64,16,256,26
987,nate maness,1,7,218,373,140,50,28,107,36
988,nate marquardt,0,17,496,1018,311,85,100,357,57
989,nathan coy,2,3,52,69,36,11,5,39,9
990,nathaniel wood,0,6,440,507,261,96,83,381,51
991,nazim sadykhov,0,1,70,84,25,36,9,60,10
992,neil magny,5,40,817,1262,500,132,185,578,87
993,neil seery,1,24,367,477,217,92,58,251,80
994,nicco montano,0,4,177,262,144,24,9,144,15
995,nicholas musoke,0,3,295,431,222,40,33,250,24
996,nick aguirre,0,4,47,93,29,9,9,27,6
997,nick diaz,0,29,796,1112,507,149,140,574,132
998,nick fiore,0,3,89,130,53,27,9,63,4
999,nick hein,1,2,376,454,255,80,41,347,22
1000,nick maximov,1,9,157,263,128,24,5,100,10
1001,nick roehrick,0,1,84,86,75,5,4,57,18
1002,nicolae negumereanu,0,3,326,427,251,49,26,246,27
1003,nicolas dalby,0,13,461,652,280,102,79,367,49
1004,nik lentz,1,46,1022,1565,762,160,100,701,180
1005,nikita krylov,4,22,308,658,260,33,15,166,65
1006,niklas stolze,1,8,51,122,37,8,6,36,9
1007,niko price,1,10,712,800,472,131,109,578,58
1008,nikolas motta,0,0,63,64,31,10,22,49,3
1009,nina nunes,1,15,428,604,254,83,91,327,50
1010,noad lahat,0,5,56,91,40,8,8,44,6
1011,nohelin hernandez,2,5,56,107,38,3,15,33,3
1012,nordine taleb,2,6,325,430,196,71,58,268,30
1013,norma dumont,0,6,181,410,99,49,33,142,31
1014,norman parke,0,10,370,469,211,66,93,309,41
1015,nurullo aliev,0,0,6,25,2,2,2,6,0
1016,ode osbourne,1,2,201,265,94,68,39,150,33
1017,oliver enkamp,0,2,61,75,40,10,11,42,6
1018,olivier aubin-mercier,0,10,434,824,274,98,62,261,54
1019,oluwale bamgbose,0,5,86,138,60,20,6,26,18
1020,omar morales,1,12,288,363,114,99,75,258,12
1021,omari akhmedov,1,15,512,697,340,84,88,386,82
1022,orion cosce,0,0,109,143,60,39,10,67,42
1023,oskar piechota,2,8,194,260,153,20,21,86,46
1024,ottman azaitar,0,0,20,21,13,7,0,11,7
1025,ovince saint preux,3,24,863,1165,447,196,220,635,135
1026,paddy pimblett,0,7,108,187,56,29,23,85,17
1027,paige vanzant,3,21,247,423,157,70,20,119,79
1028,pannie kianzad,1,5,462,636,312,85,65,368,78
1029,parker porter,1,1,349,394,234,69,46,289,41
1030,pat sabatini,0,4,72,173,38,23,11,48,11
1031,patrick cote,3,30,770,1428,461,167,142,429,163
1032,patrick cummins,1,15,391,528,326,45,20,281,57
1033,patrick williams,0,0,114,117,76,29,9,70,41
1034,paul craig,1,6,333,516,239,55,39,146,46
1035,paul felder,0,26,709,897,354,185,170,596,81
1036,paulo costa,0,5,545,582,366,102,77,484,51
1037,pearl gonzalez,1,2,117,222,70,35,12,63,53
1038,pedro munhoz,0,10,1223,1256,861,211,151,1185,22
1039,pete rodriguez,0,0,53,54,46,7,0,49,1
1040,peter barrett,1,3,111,163,58,16,37,96,1
1041,peter sobotta,0,2,341,549,161,62,118,244,39
1042,petr yan,0,18,860,999,521,207,132,761,70
1043,phil hawes,0,0,156,224,113,31,12,116,36
1044,phil rowe,0,8,210,354,124,36,50,162,21
1045,philipe lins,0,0,140,182,41,53,46,108,30
1046,phillipe nover,0,21,226,331,98,55,73,120,61
1047,piera rodriguez,1,4,126,178,97,19,10,92,19
1048,pingyuan liu,0,7,176,297,104,54,18,135,8
1049,poliana botelho,2,6,197,458,97,50,50,107,24
1050,polyana viana,1,7,160,250,71,48,41,124,17
1051,preston parsons,0,0,127,151,99,17,11,98,9
1052,priscila cachoeira,2,9,557,775,448,75,34,387,43
1053,punahele soriano,0,14,246,287,147,69,30,206,33
1054,rachael ostovich,2,7,147,232,114,18,15,87,15
1055,rafa garcia,0,5,420,563,243,133,44,363,51
1056,rafael alves,0,5,140,298,87,37,16,101,0
1057,rafael cavalcante,0,16,199,363,131,32,36,92,27
1058,rafael dos anjos,1,55,1545,2211,994,323,228,1215,221
1059,rafael fiziev,0,4,507,566,313,118,76,451,49
1060,rafael natal,0,8,524,740,315,73,136,369,58
1061,ramazan emeev,0,5,230,366,110,45,75,167,55
1062,ramiz brahimaj,0,5,129,162,81,31,17,120,5
1063,ramona pascual,0,0,279,316,111,77,91,244,28
1064,randa markos,2,27,704,1166,463,113,128,472,102
1065,randy brown,2,12,510,879,203,85,222,395,50
1066,randy costa,2,1,202,258,93,65,44,135,38
1067,rani yahya,0,20,368,1016,249,73,46,217,15
1068,raoni barcelos,0,1,557,677,343,122,92,510,31
1069,raphael assuncao,2,8,625,723,274,158,193,578,29
1070,raphael pessoa,1,0,92,111,32,17,43,76,4
1071,raquel pennington,0,19,805,1335,441,236,128,548,242
1072,rashad coulter,0,3,257,306,152,41,64,173,46
1073,rashad evans,0,14,710,973,444,168,98,500,188
1074,rashid magomedov,0,3,274,329,77,85,112,209,65
1075,raul rosas jr.,0,1,33,87,29,3,1,8,4
1076,raulian paiva,0,12,358,403,225,72,61,316,13
1077,ray borg,1,24,334,699,167,125,42,164,86
1078,ray rodriguez,2,2,9,43,0,1,8,9,0
1079,reginaldo vieira,1,3,110,149,78,26,6,78,24
1080,renan barao,0,3,957,1238,654,178,125,816,84
1081,renato moicano,1,8,515,580,336,90,89,420,19
1082,reza madadi,0,2,298,389,201,73,24,236,39
1083,rhys mckee,0,4,216,276,186,21,9,145,22
1084,ricardo lamas,0,18,550,845,357,120,73,406,95
1085,ricardo ramos,0,6,378,458,228,68,82,334,20
1086,richard walsh,0,10,210,345,126,41,43,158,38
1087,richie smullen,1,1,8,8,8,0,0,8,0
1088,rick story,1,28,515,821,336,108,71,395,94
1089,ricky glenn,0,14,411,623,299,95,17,287,63
1090,ricky rainey,0,2,44,52,27,9,8,27,0
1091,ricky simon,0,9,349,425,245,65,39,307,31
1092,ricky turcios,0,13,161,197,110,20,31,128,14
1093,rin nakai,0,1,117,160,84,29,4,87,28
1094,rinat fakhretdinov,0,0,21,73,8,6,7,12,7
1095,rinya nakamura,0,0,4,4,4,0,0,4,0
1096,roan carneiro,2,1,147,400,89,33,25,61,24
1097,rob font,1,18,717,849,463,112,142,604,36
1098,rob wilkinson,0,0,95,114,71,20,4,46,38
1099,robbie lawler,3,38,1648,1967,1049,331,268,1318,292
1100,robert sanchez,1,2,37,102,28,7,2,6,7
1101,robert whiteford,1,11,110,212,77,15,18,68,5
1102,robert whittaker,0,11,893,1112,501,170,222,753,97
1103,rodolfo vieira,1,0,235,319,182,48,5,209,20
1104,rodrigo nascimento,0,0,162,291,108,30,24,122,26
1105,rogerio bontorin,0,14,214,348,126,73,15,142,37
1106,rogerio nogueira,0,23,396,575,264,69,63,235,37
1107,rolando dy,0,7,222,286,155,39,28,170,25
1108,roman bogatov,0,1,66,116,56,6,4,42,10
1109,roman dolidze,0,8,237,300,122,37,78,211,15
1110,roman kopylov,1,2,192,277,132,19,41,153,9
1111,ronda rousey,0,2,117,140,95,16,6,85,28
1112,rong zhu,1,0,263,311,153,61,49,247,7
1113,ronnie lawrence,0,10,86,233,60,12,14,46,12
1114,rony jason,0,19,239,423,153,35,51,146,14
1115,roosevelt roberts,1,7,246,388,106,74,66,182,31
1116,roque martinez,1,6,193,240,124,57,12,107,36
1117,rory macdonald,0,5,499,787,323,72,104,370,59
1118,rose namajunas,1,16,619,920,281,140,198,477,98
1119,ross pearson,1,21,1238,1465,789,245,204,977,203
1120,rostem akman,0,1,119,121,49,31,39,108,11
1121,roxanne modafferi,0,21,1049,1314,799,126,124,906,72
1122,roy nelson,0,11,985,1174,640,237,108,710,259
1123,russell doane,3,17,131,306,60,42,29,90,12
1124,rustam khabilov,1,7,369,648,165,87,117,314,45
1125,ryan bader,2,6,285,412,179,67,39,218,31
1126,ryan benoit,2,18,388,567,238,77,73,326,29
1127,ryan hall,0,1,90,143,41,25,24,48,4
1128,ryan janes,1,5,235,269,186,23,26,213,14
1129,ryan laflare,0,16,275,404,187,47,41,187,35
1130,ryan macdonald,0,0,128,130,42,52,34,126,2
1131,ryan spann,2,11,172,263,121,26,25,106,22
1132,sabah homasi,0,1,111,136,90,14,7,83,28
1133,sabina mazo,2,9,401,611,182,100,119,351,34
1134,sage northcutt,2,14,146,281,87,15,44,107,6
1135,said nurmagomedov,0,8,157,244,62,34,61,118,22
1136,saidyokub kakhramonov,1,2,34,107,17,12,5,22,10
1137,saimon oliveira,0,11,99,125,67,24,8,60,20
1138,salim touahri,0,3,129,176,88,14,27,88,32
1139,sam alvey,2,12,839,1065,464,172,203,703,91
1140,sam hughes,0,14,397,528,196,155,46,291,89
1141,sam patterson,0,1,15,15,14,0,1,2,0
1142,sam sicilia,3,6,368,528,237,61,70,318,25
1143,santiago ponzinibbio,0,11,875,931,512,167,196,802,20
1144,saparbeg safarov,2,2,88,120,65,7,16,57,16
1145,sara mcmann,4,3,255,754,193,43,19,109,55
1146,sarah alpar,0,4,196,322,160,24,12,68,35
1147,sarah frota,0,6,52,126,38,8,6,22,3
1148,sarah moras,0,12,403,708,310,60,33,254,16
1149,sasha palatnikov,2,5,113,139,88,12,13,69,19
1150,scott askham,0,7,238,514,126,49,63,154,62
1151,scott holtzman,0,30,612,825,382,137,93,453,122
1152,sean brady,0,1,290,366,193,48,49,266,16
1153,sean o'connell,0,7,377,483,264,86,27,218,73
1154,sean o'malley,0,11,325,389,148,57,120,290,12
1155,sean soriano,3,19,121,295,93,15,13,75,9
1156,sean spencer,2,18,432,526,278,54,100,332,60
1157,sean strickland,0,7,1106,1235,486,368,252,1008,44
1158,sean woodson,1,7,286,318,146,62,78,249,34
1159,sedriques dumas,1,2,33,48,21,6,6,27,4
1160,seo hee ham,0,3,309,362,190,56,63,238,54
1161,sergei pavlovich,0,1,58,62,26,14,18,38,8
1162,sergey khandozhko,0,7,93,143,71,14,8,77,10
1163,sergey morozov,2,6,184,267,100,45,39,166,17
1164,serghei spivac,0,3,228,361,148,52,28,164,27
1165,sergio moraes,0,1,652,798,413,108,131,609,17
1166,sergio pettis,1,24,615,917,383,144,88,517,35
1167,seungguk choi,1,1,38,59,20,1,17,37,1
1168,seungwoo choi,2,13,282,450,184,55,43,188,39
1169,shamil abdurakhimov,0,12,314,418,237,44,33,118,59
1170,shamil gamzatov,0,1,64,79,38,12,14,60,1
1171,shana dobson,0,12,280,471,158,93,29,167,46
1172,shane burgos,0,6,952,1053,643,145,164,835,83
1173,shane campbell,1,6,141,199,100,31,10,103,17
1174,shane young,0,8,391,424,265,48,78,339,35
1175,shanna young,0,11,226,445,126,79,21,111,56
1176,shannon ross,0,0,14,16,8,3,3,9,5
1177,shavkat rakhmonov,0,0,105,153,76,15,14,83,19
1178,shayilan nuerdanbieke,0,3,152,249,94,24,34,134,6
1179,sheldon westcott,0,6,104,176,73,24,7,30,27
1180,sheymon moraes,1,12,228,304,131,60,37,168,27
1181,shinsho anzai,1,1,123,162,90,20,13,58,50
1182,sijara eubanks,0,7,461,759,343,73,45,377,60
1183,silvana gomez juarez,2,7,93,116,67,17,9,87,6
1184,siyar bahadurzada,0,12,293,656,167,49,77,223,36
1185,sodiq yusuff,0,6,222,250,127,66,29,196,25
1186,song kenan,0,6,322,346,189,66,67,299,12
1187,song yadong,0,12,472,634,296,105,71,409,34
1188,spike carlyle,0,3,121,230,88,24,9,56,19
1189,stefan sekulic,0,3,85,99,50,22,13,62,14
1190,stefan struve,0,23,757,1053,451,157,149,512,75
1191,stephanie egger,1,5,64,147,28,23,13,45,6
1192,stephen thompson,0,19,857,1242,453,154,250,599,125
1193,steve bosse,0,0,88,128,64,19,5,68,11
1194,steve garcia,0,1,69,121,59,7,3,35,4
1195,steven koslow,0,0,53,105,38,9,6,23,9
1196,steven peterson,0,9,674,808,475,139,60,612,42
1197,stevie ray,0,12,353,453,203,87,63,288,15
1198,stipe miocic,0,6,769,943,554,113,102,651,70
1199,sultan aliev,0,0,94,251,34,30,30,58,29
1200,suman mokhtarian,0,0,118,202,84,30,4,67,29
1201,sumudaerji,2,4,130,176,99,14,17,61,17
1202,sung bin jo,0,1,40,49,22,5,13,24,8
1203,syuri kondo,0,1,329,405,256,34,39,254,12
1204,tabatha ricci,0,1,192,320,124,39,29,155,25
1205,tae hyun bang,1,14,126,212,76,31,19,102,15
1206,tafon nchukwi,0,4,203,221,142,35,26,170,10
1207,tagir ulanbekov,0,7,155,273,65,28,62,121,23
1208,tai tuivasa,1,10,388,457,270,76,42,296,45
1209,taila santos,0,5,208,500,113,38,57,169,20
1210,takanori gomi,4,12,423,611,299,78,46,354,23
1211,takashi sato,2,6,188,317,105,59,24,121,24
1212,takeya mizugaki,1,17,517,820,324,149,44,354,128
1213,talita bernardo,0,5,225,410,174,29,22,153,16
1214,tamdan mccrory,2,11,124,301,53,36,35,68,9
1215,tamires vidal,0,0,13,17,3,5,5,10,3
1216,tanner boser,0,7,234,334,150,53,31,203,13
1217,tarec saffiedine,0,5,374,465,233,108,33,288,72
1218,tatiana suarez,0,0,79,196,51,25,3,48,20
1219,tatsuro taira,0,2,30,52,19,9,2,23,3
1220,tatsuya kawajiri,0,8,244,460,172,29,43,97,41
1221,taylor lapilus,0,6,103,199,36,36,31,74,16
1222,te edwards,0,5,84,125,56,18,10,39,6
1223,tecia torres,0,23,739,994,367,255,117,502,170
1224,teemu packalen,0,0,76,101,48,14,14,56,8
1225,tereza bleda,0,0,45,62,26,7,12,41,1
1226,terrance mckinney,0,1,61,80,36,19,6,40,12
1227,terrion ware,0,16,364,541,272,47,45,252,21
1228,teruto ishihara,1,18,329,417,196,68,65,252,54
1229,thales leites,0,9,790,1033,497,89,204,584,92
1230,themba gorimbo,1,0,7,23,6,0,1,1,1
1231,thiago alves,3,45,1015,1422,649,218,148,731,159
1232,thiago moises,1,11,446,714,176,169,101,328,59
1233,thiago santos,3,20,614,902,330,141,143,417,87
1234,thiago tavares,0,13,379,804,243,69,67,224,59
1235,thibault gouti,2,4,276,397,202,48,26,178,30
1236,thomas almeida,0,7,443,465,306,78,59,396,36
1237,thomas gifford,0,4,192,236,137,39,16,129,20
1238,tiago dos santos e silva,0,4,203,283,146,44,13,140,24
1239,tim boetsch,5,22,629,1023,373,159,97,331,148
1240,tim elliott,4,21,610,884,418,123,69,488,72
1241,tim kennedy,0,5,166,199,125,24,17,137,18
1242,tim means,4,35,950,1161,658,168,124,814,83
1243,tim williams,0,0,59,63,43,14,2,48,4
1244,timothy johnson,0,4,255,441,162,67,26,155,90
1245,timur valiev,0,4,173,223,124,26,23,124,7
1246,tj brown,2,12,303,423,192,42,69,235,19
1247,tj dillashaw,0,10,766,959,545,132,89,633,52
1248,tj laramie,1,6,51,142,30,18,3,15,14
1249,todd duffee,0,1,55,71,50,1,4,38,16
1250,tom aspinall,0,0,43,47,18,13,12,40,3
1251,tom breese,1,5,158,248,105,31,22,98,19
1252,tom duquesnoy,0,8,188,231,113,45,30,145,29
1253,tom gallicchio,0,0,106,113,102,3,1,105,1
1254,tom lawlor,2,8,235,441,148,56,31,152,60
1255,tony ferguson,1,18,939,1096,619,187,133,843,14
1256,tony gravely,1,10,432,615,294,111,27,304,77
1257,tony kelley,0,10,209,264,110,84,15,165,36
1258,tony sims,1,6,16,93,9,5,2,14,2
1259,tonya evinger,0,1,174,285,126,27,21,62,25
1260,toshiomi kazama,0,0,11,11,11,0,0,10,0
1261,tracy cortez,0,4,135,224,93,18,24,117,12
1262,travis browne,1,7,588,880,357,114,117,378,134
1263,tresean gore,0,2,151,169,67,62,22,137,12
1264,trevin giles,2,11,268,444,126,57,85,217,27
1265,trevin jones,1,6,311,473,171,95,45,236,40
1266,trevor peek,0,4,7,11,5,1,1,7,0
1267,trevor smith,0,6,491,685,299,151,41,324,153
1268,trey ogden,0,0,220,275,53,62,105,220,0
1269,tristan connelly,0,8,133,294,97,33,3,72,42
1270,tucker lutz,1,6,121,284,64,39,18,106,13
1271,tyler diamond,0,3,38,45,29,9,0,13,7
1272,tyron woodley,1,8,637,1272,293,261,83,378,185
1273,tyson nam,1,0,329,334,227,38,64,312,13
1274,tyson pedro,1,9,154,245,104,30,20,80,26
1275,umar nurmagomedov,0,0,23,69,9,9,5,20,3
1276,uriah hall,0,21,755,1178,437,122,196,572,103
1277,urijah faber,0,19,710,838,411,122,177,578,100
1278,uros medic,1,1,58,73,34,16,8,48,4
1279,valentina shevchenko,1,10,521,1247,165,152,204,397,85
1280,valerie letourneau,0,5,528,619,284,120,124,463,49
1281,vanessa demopoulos,0,1,248,307,188,45,15,205,13
1282,vanessa melo,0,4,368,503,226,55,87,301,14
1283,veronica hardy,1,8,295,451,175,95,25,160,73
1284,viacheslav borshchev,0,22,93,152,67,7,19,39,8
1285,vicente luque,0,20,977,1193,744,130,103,845,99
1286,victor altamirano,0,3,153,200,96,36,21,116,27
1287,victor henry,0,6,269,302,191,38,40,219,41
1288,victor martinez,0,0,17,18,8,6,3,8,5
1289,victor rodriguez,0,0,23,24,19,3,1,19,2
1290,victoria leonardo,0,2,175,237,99,40,36,140,33
1291,viktor pesta,1,0,127,156,98,16,13,81,17
1292,vinc pichel,1,23,300,393,185,69,46,216,45
1293,vince cachero,0,13,180,215,111,51,18,100,28
1294,vince morales,0,9,425,445,214,69,142,403,14
1295,vinicius moreira,1,1,86,105,77,8,1,54,8
1296,vinicius salvador,0,3,62,109,28,14,20,54,4
1297,virna jandiroba,0,6,249,412,169,52,28,197,36
1298,viscardi andrade,0,3,129,199,101,14,14,93,15
1299,vitor belfort,1,14,501,794,335,52,114,195,88
1300,vitor miranda,0,14,232,398,156,33,43,178,22
1301,vitor petrino,0,5,33,69,19,7,7,22,5
1302,viviane araujo,0,4,768,1019,491,155,122,703,46
1303,viviane pereira,0,5,269,369,153,59,57,177,23
1304,volkan oezdemir,1,13,508,716,352,114,42,427,67
1305,waldo cortes-acosta,0,1,122,132,37,21,64,118,4
1306,walt harris,1,6,346,504,208,67,71,252,17
1307,wang guan,0,0,49,49,22,21,6,43,6
1308,warlley alves,1,4,581,827,388,137,56,431,126
1309,wellington turman,0,9,286,425,216,56,14,165,44
1310,will brooks,2,6,139,199,51,48,40,64,61
1311,william gomis,0,0,20,31,10,8,2,15,5
1312,william knight,0,11,286,505,109,59,118,245,15
1313,willie gates,2,9,159,296,108,31,20,31,26
1314,wilson reis,1,10,452,712,327,89,36,305,41
1315,wu yanan,0,7,362,581,240,71,51,265,52
1316,wulijiburen,0,2,118,157,62,23,33,64,17
1317,yair rodriguez,0,17,690,928,490,128,72,477,63
1318,yan cabral,0,5,139,229,88,30,21,84,25
1319,yan xiaonan,0,10,487,955,337,96,54,392,51
1320,yana santos,0,11,263,459,181,69,13,141,44
1321,yanal ashmouz,0,0,2,2,1,0,1,2,0
1322,yancy medeiros,1,14,758,828,455,181,122,605,92
1323,yao zhikui,0,5,129,217,84,12,33,87,29
1324,yaotzin meza,0,9,137,213,80,23,34,97,11
1325,yazmin jauregui,0,0,102,105,62,27,13,92,10
1326,yi zha,0,0,25,66,18,7,0,18,7
1327,yoel romero,0,7,596,671,286,158,152,537,37
1328,yohan lainesse,1,2,101,123,43,27,31,86,7
1329,yorgan de castro,0,0,149,181,68,37,44,130,18
1330,yoshinori horie,0,0,80,89,42,27,11,38,42
1331,youssef zalal,0,11,184,364,109,44,31,152,29
1332,yusaku kinoshita,0,4,21,33,16,4,1,11,4
1333,yushin okami,1,10,567,913,299,81,187,361,164
1334,yusuke kasuya,0,3,96,105,80,7,9,47,4
1335,yuta sasaki,3,10,161,311,102,24,35,91,26
1336,zabit magomedsharipov,0,2,233,300,136,52,45,205,18
1337,zac pauga,0,0,41,212,26,14,1,27,12
1338,zach makovsky,0,10,235,525,143,62,30,131,66
1339,zak cummings,1,9,448,561,297,77,74,387,26
1340,zak ottow,0,6,211,313,123,33,55,144,24
1341,zarah fairn,1,2,152,197,106,39,7,91,21
1342,zarrukh adashev,0,0,96,114,63,11,22,85,0
1343,zelim imadaev,1,8,172,202,72,71,29,134,36
1344,zhalgas zhumagulov,0,2,355,485,202,96,57,329,22
1345,zhang weili,0,3,403,477,222,75,106,337,40
1346,zubaira tukhugov,0,0,346,408,175,85,86,330,11
1347,zviad lazishvili,0,0,92,94,65,14,13,92,0
